City_ID,City,Lat,Lng,Max Temp,Humidity,Cloudiness,Wind Speed,Country,Date
0,lebu,-37.6167,-73.65,282.26,60,22,4.48,CL,1724102160
1,hawaiian paradise park,19.5933,-154.9731,301.89,75,25,1.34,US,1724102160
2,atafu village,-8.5421,-172.5159,301.26,77,42,9.91,TK,1724102161
3,albany,42.6001,-73.9662,295.38,94,97,0.89,US,1724102161
4,fortuna,40.5982,-124.1573,294.66,60,0,4.63,US,1724102161
5,mount pearl,47.5166,-52.7813,294.34,96,100,5.66,CA,1724102162
6,margaret river,-33.95,115.0667,287.17,73,100,6.39,AU,1724102162
7,mahgawan,26.5,78.6042,302.58,75,100,1.76,IN,1724102162
8,waitangi,-43.9535,-176.5597,277.49,89,99,3.58,NZ,1724102163
9,udachny,66.4167,112.4,285.98,79,46,3.69,RU,1724102163
10,kudahuvadhoo,2.6708,72.8944,301.0,80,100,7.49,MV,1724102163
11,laguna,38.421,-121.4238,305.34,26,0,3.09,US,1724102164
12,majenang,-7.2975,108.7642,292.79,96,76,0.77,ID,1724102164
13,sinabang,2.4803,96.3801,296.15,97,100,0.67,ID,1724102164
14,blackmans bay,-43.0167,147.3167,277.33,94,71,2.8,AU,1724102165
15,idri,27.5,13.2667,308.47,15,0,5.88,LY,1724102165
16,bethel,41.3712,-73.414,299.83,90,61,0.45,US,1724102165
17,bilibino,68.0546,166.4372,279.75,84,100,4.61,RU,1724102166
18,enewetak,11.3474,162.3373,301.85,79,28,6.34,MH,1724102166
19,ketchikan,55.3422,-131.6461,289.41,88,100,4.63,US,1724102166
20,college,64.8569,-147.8028,285.62,79,75,3.6,US,1724102167
21,kununurra,-15.7667,128.7333,290.14,88,4,1.03,AU,1724102167
22,iqaluit,63.7506,-68.5145,281.0,81,75,2.57,CA,1724102168
23,longboat key,27.4125,-82.659,306.57,58,0,4.12,US,1724102168
24,markovo,57.3206,107.0881,289.89,99,100,0.61,RU,1724102168
25,voi,-3.3945,38.563,293.98,71,63,4.22,KE,1724102169
26,calbuco,-41.768,-73.1273,283.32,61,0,2.54,CL,1724102169
27,naestved,55.2299,11.7609,289.41,72,6,2.31,DK,1724102170
28,saipan,15.1355,145.701,302.54,79,40,4.12,MP,1724102170
29,fale old settlement,-9.3852,-171.2468,300.91,79,39,10.11,TK,1724102170
30,canhotinho,-8.8822,-36.1911,292.13,87,99,2.9,BR,1724102171
31,luderitz,-26.6481,15.1594,289.02,59,0,3.72,,1724102171
32,poso,-1.3959,120.7524,298.39,81,50,2.77,ID,1724102172
33,utrik,11.2278,169.8474,301.13,79,100,6.67,MH,1724102172
34,tiksi,71.6872,128.8694,275.96,91,100,4.19,RU,1724102172
35,sarkand,45.41,79.9186,291.11,44,13,3.22,KZ,1724102173
36,san patricio,28.017,-97.5169,310.12,34,8,6.97,US,1724102173
37,ilulissat,69.2167,-51.1,279.16,61,75,2.06,GL,1724102173
38,cheremshan,54.6667,51.5,287.54,78,40,0.99,RU,1724102174
39,keene,42.9337,-72.2781,299.91,80,20,3.09,US,1724102174
40,thompson,55.7435,-97.8558,298.49,33,0,4.05,CA,1724101992
41,carnarvon,-24.8667,113.6333,289.25,67,0,5.29,AU,1724102175
42,yellowknife,62.456,-114.3525,292.82,71,3,5.36,CA,1724101996
43,tralee,52.2704,-9.7026,287.08,94,83,5.59,IE,1724102175
44,port moresby,-9.4431,147.1797,297.23,91,13,1.03,PG,1724102103
45,kapa'a,22.0752,-159.319,302.33,67,20,5.66,US,1724102176
46,qamdo,31.1667,97.2333,276.45,63,0,1.34,CN,1724102176
47,margate,51.3813,1.3862,290.76,76,100,5.96,GB,1724102177
48,grytviken,-54.2811,-36.5092,265.84,83,40,6.23,GS,1724102177
49,san miguel tenochtitlan,19.7525,-99.9308,293.39,52,63,4.11,MX,1724102177
50,ulladulla,-35.35,150.4667,283.42,88,84,2.55,AU,1724102178
51,ust-nera,64.5667,143.2,285.57,73,10,2.26,RU,1724102178
52,bredasdorp,-34.5322,20.0403,282.37,89,4,1.34,ZA,1724102178
53,edinburgh of the seven seas,-37.0676,-12.3116,281.22,62,30,6.59,SH,1724102179
54,adamstown,-25.066,-130.1015,291.88,65,35,10.87,PN,1724102179
55,longyearbyen,78.2186,15.6401,283.06,76,75,8.75,SJ,1724102179
56,tangalle,6.024,80.7911,298.49,92,99,3.84,LK,1724102180
57,princeville,45.7668,-61.2985,297.89,97,100,1.03,CA,1724102180
58,porto novo,6.4965,2.6036,298.05,92,100,2.82,BJ,1724102181
59,west island,-12.1568,96.8225,299.14,83,100,6.17,CC,1724102181
60,lazaro cardenas,17.9583,-102.2,302.42,74,100,0.99,MX,1724102181
61,puerto natales,-51.7236,-72.4875,279.4,65,0,3.09,CL,1724102182
62,cabo san lucas,22.8909,-109.9124,307.32,43,20,2.57,MX,1724102182
63,katsuura,35.1333,140.3,299.93,88,100,4.12,JP,1724102182
64,mullovka,54.2,49.4,290.12,67,29,0.87,RU,1724102183
65,paradip garh,20.3167,86.6167,300.98,85,100,4.06,IN,1724102183
66,anadyr,64.75,177.4833,286.43,58,0,5.0,RU,1724102183
67,san ignacio,17.1561,-89.0714,306.23,55,75,8.23,BZ,1724102184
68,castillos,-34.1667,-53.8333,286.08,90,99,5.3,UY,1724102184
69,port elizabeth,-33.918,25.5701,288.88,74,0,2.57,ZA,1724102184
70,qui nhon,13.7667,109.2333,299.66,78,100,1.39,VN,1724102185
71,mo i rana,66.3128,14.1428,285.0,94,75,1.54,NO,1724102185
72,new norfolk,-42.7826,147.0587,277.99,99,95,1.19,AU,1724102185
73,humberto de campos,-2.5983,-43.4611,299.47,72,6,2.53,BR,1724102186
74,camayenne,9.535,-13.6878,300.2,94,75,3.09,GN,1724102186
75,pirot,43.1531,22.5861,293.52,72,94,2.15,RS,1724102186
76,lorengau,-2.0226,147.2712,301.01,78,100,4.4,PG,1724102187
77,bulnes,-36.7423,-72.2985,282.57,62,100,1.36,CL,1724102187
78,fort bragg,35.139,-79.006,305.06,47,20,3.09,US,1724102188
79,ushuaia,-54.8,-68.3,278.96,61,0,10.8,AR,1724102188
80,galle,6.0367,80.217,300.89,84,99,3.89,LK,1724102188
81,puerto ayacucho,5.6639,-67.6236,306.99,53,0,0.74,VE,1724102189
82,rosalie,15.3667,-61.2667,304.9,51,20,2.06,DM,1724102189
83,port-aux-francais,-49.35,70.2167,276.64,82,67,16.19,TF,1724102190
84,klyuchi,52.2667,79.1667,289.67,69,99,3.44,RU,1724102190
85,ushtobe,45.2514,77.9838,293.69,33,68,3.38,KZ,1724102190
86,iskateley,67.6803,53.1512,281.57,81,100,0.81,RU,1724102191
87,pisco,-13.7,-76.2167,292.18,68,0,4.12,PE,1724102191
88,ribeira grande,38.5167,-28.7,299.14,88,20,4.12,PT,1724102191
89,invercargill,-46.4,168.35,280.94,79,99,5.81,NZ,1724102029
90,whitehorse,60.7161,-135.0538,298.72,35,75,8.75,CA,1724102192
91,badger,64.8,-147.5333,285.93,82,100,3.6,US,1724102192
92,al hazm,16.1641,44.7769,305.24,35,96,4.32,YE,1724102193
93,mirnyy,62.5353,113.9611,287.19,88,81,1.97,RU,1724102193
94,isafjordur,66.0755,-23.124,277.61,86,38,2.81,IS,1724102194
95,aconibe,1.2968,10.9369,292.83,98,96,1.99,GQ,1724102194
96,center,31.5107,-96.4247,311.37,34,0,3.43,US,1724102194
97,okha,53.5739,142.9478,288.29,78,98,5.47,RU,1724102195
98,velyka bahachka,49.7912,33.7226,295.57,27,0,1.58,UA,1724102195
99,mar del plata,-38.0023,-57.5575,279.79,77,13,4.92,AR,1724102095
100,port douglas,-16.4833,145.4667,295.87,93,100,5.45,AU,1724102196
101,dzuunmod,48.2199,97.3744,284.89,83,97,0.31,MN,1724102197
102,kingscliff,-28.2667,153.5667,289.04,94,98,2.57,AU,1724102197
103,usinsk,65.9939,57.5281,280.59,80,62,1.18,RU,1724101919
104,tura,25.5198,90.2201,296.55,96,100,1.3,IN,1724102198
105,rikaze,29.25,88.8833,283.77,66,15,1.65,CN,1724102199
106,port blair,11.6667,92.75,300.69,80,100,4.51,IN,1724102199
107,urucui,-7.2294,-44.5561,303.41,25,37,2.37,BR,1724102199
108,xilin hot,43.9667,116.0333,289.11,93,76,1.96,CN,1724102199
109,toliara,-23.35,43.6667,294.2,59,0,4.15,MG,1724102200
110,east london,-33.0153,27.9116,292.29,49,0,4.13,ZA,1724102200
111,lihue,21.9789,-159.3672,301.92,67,20,5.66,US,1724102201
112,wailua homesteads,22.0669,-159.378,301.59,70,20,5.66,US,1724102014
113,tarazona,41.9,-1.7333,293.47,46,0,2.73,ES,1724102201
114,sokhumi,43.0033,41.0153,296.73,69,0,2.52,GE,1724102202
115,jieshi,22.8134,115.8257,299.52,92,100,10.06,CN,1724102202
116,vorgashor,67.5833,63.95,277.88,86,12,1.81,RU,1724102202
117,happy valley-goose bay,53.3168,-60.3315,288.32,94,100,6.17,CA,1724102202
118,argostolion,38.1811,20.489,302.45,36,20,1.54,GR,1724102203
119,dunedin,-45.8742,170.5036,279.15,67,95,5.36,NZ,1724102203
120,sao vicente,-23.9631,-46.3919,293.13,94,0,1.03,BR,1724102203
121,amga,60.8953,131.9608,286.52,63,100,1.67,RU,1724102204
122,chonchi,-42.6128,-73.8092,281.36,67,2,1.14,CL,1724102204
123,ankazoabo,-22.2833,44.5167,290.01,72,0,2.36,MG,1724102205
124,hamilton,39.1834,-84.5333,299.59,59,75,6.17,US,1724102205
125,suntar,62.1444,117.6319,288.1,97,100,1.01,RU,1724102206
126,yuzhno-kurilsk,44.0306,145.8556,288.13,87,94,0.64,RU,1724102206
127,aasiaat,68.7098,-52.8699,275.52,79,100,2.14,GL,1724102206
128,lulindi,-10.8167,39.1333,293.16,70,16,3.11,TZ,1724102207
129,olonkinbyen,70.9221,-8.7187,276.72,96,100,6.53,SJ,1724102207
130,port lincoln,-34.7333,135.8667,286.45,72,100,8.39,AU,1724102208
131,urangan,-25.3,152.9,291.34,80,4,2.06,AU,1724102208
132,jamestown,42.097,-79.2353,288.72,96,100,4.12,US,1724102208
133,ilam,26.9167,87.9167,295.61,90,100,1.51,NP,1724102209
134,tegueste,28.5167,-16.3167,297.79,94,20,4.63,ES,1724102209
135,pimentel,-6.8367,-79.9342,293.31,68,75,11.32,PE,1724102209
136,tucurui,-3.7661,-49.6725,304.74,38,56,1.79,BR,1724102210
137,broken hill,-31.95,141.4333,287.45,39,11,10.41,AU,1724102210
138,antigonish,45.6169,-61.9986,298.16,98,35,1.43,CA,1724102210
139,alice springs,-23.7,133.8833,283.9,66,0,0.0,AU,1724102211
140,al majaridah,19.1236,41.9111,303.87,72,83,1.14,SA,1724102211
141,punta arenas,-53.15,-70.9167,279.21,70,0,11.83,CL,1724102211
142,bubaque,11.2833,-15.8333,300.03,84,100,7.0,GW,1724102212
143,hammerfest,70.6634,23.6821,285.4,87,75,6.69,NO,1724102212
144,howrah,22.5892,88.3103,301.15,94,40,2.06,IN,1724102213
145,acarau,-2.8856,-40.12,298.64,80,10,8.35,BR,1724102213
146,tumut,-35.3,148.2167,281.29,89,9,1.85,AU,1724102214
147,puerto ayora,-0.7393,-90.3518,294.01,86,73,4.02,EC,1724102214
148,cascavel,-24.9558,-53.4553,301.93,30,0,2.57,BR,1724102214
149,jiagedaqi,50.4167,124.1167,282.81,73,6,1.33,CN,1724102215
150,dolores,-36.3132,-57.6792,280.08,78,100,6.07,AR,1724102215
151,malindi,-3.2175,40.1191,297.46,82,28,6.99,KE,1724102215
152,nar'yan-mar,67.6713,53.087,281.58,81,100,0.96,RU,1724102216
153,ciudad del carmen,18.6333,-91.8333,306.17,58,0,2.06,MX,1724102216
154,las khorey,11.1595,48.1967,305.62,58,60,4.63,SO,1724102216
155,bikenibeu village,1.3673,173.1241,302.13,84,75,2.06,KI,1724102217
156,kattivakkam,13.2167,80.3167,302.2,86,61,7.36,IN,1724102217
157,amos,48.5669,-78.1162,286.43,59,17,6.63,CA,1724102217
158,mhango,-3.2833,32.85,296.11,31,22,3.61,TZ,1724102218
159,nchelenge,-9.3451,28.734,294.48,39,1,3.02,ZM,1724102218
160,lompoc,34.6391,-120.4579,300.14,69,0,6.69,US,1724102219
161,nadi,-17.8,177.4167,301.15,57,20,4.12,FJ,1724102219
162,kuloy,61.0305,42.4925,287.19,84,94,2.0,RU,1724102219
163,keelung,25.1283,121.7419,300.01,90,100,1.17,TW,1724102220
164,saint-pierre,-21.3393,55.4781,293.97,56,0,9.26,RE,1724102220
165,aykhal,66.0,111.5,284.07,91,40,4.46,RU,1724102220
166,norton shores,43.1689,-86.2639,297.04,51,20,7.72,US,1724102117
167,homer,59.6425,-151.5483,286.36,72,0,9.39,US,1724102221
168,abdurahmoni jomi,37.9464,68.8088,295.31,78,20,0.0,TJ,1724102221
169,labytnangi,66.6572,66.4183,282.47,75,68,3.13,RU,1724102222
170,paso de carrasco,-34.8603,-56.0522,284.23,100,100,7.2,UY,1724102222
171,yaren,-0.5472,166.916,301.63,71,96,3.06,NR,1724102223
172,whangarei,-35.7317,174.3239,283.62,83,100,2.45,NZ,1724102223
173,yambio,4.5721,28.3955,293.27,96,81,1.16,SS,1724102224
174,gadzhiyevo,69.2551,33.3362,286.64,77,100,4.01,RU,1724102224
175,san antonio de pale,-1.4014,5.6325,296.86,86,100,6.42,GQ,1724102224
176,burutu,5.3509,5.5076,297.39,90,100,3.56,NG,1724102225
177,sofifi,0.7349,127.576,299.22,84,64,1.19,ID,1724102225
178,mogocha,53.7333,119.7667,282.93,62,13,0.8,RU,1724102226
179,dakhla,23.6848,-15.958,298.16,78,40,5.66,EH,1724102226
180,ashgabat,37.95,58.3833,297.07,31,40,3.09,TM,1724102226
181,lionel town,17.8101,-77.2406,304.98,59,19,6.03,JM,1724102227
182,ugoofaaru,5.6667,73.0,300.46,81,68,9.34,MV,1724102227
183,touros,-5.1989,-35.4608,297.58,82,6,6.06,BR,1724102227
184,betio village,1.358,172.9211,302.17,72,100,4.26,KI,1724102123
185,afaahiti,-17.75,-149.2833,296.01,66,95,12.5,PF,1724102228
186,poxoreo,-15.8372,-54.3892,307.04,13,0,2.24,BR,1724102228
187,port mathurin,-19.6833,63.4167,295.13,60,85,11.57,MU,1724102229
188,port-vila,-17.7338,168.3219,296.93,94,100,4.12,VU,1724102229
189,puente alto,-33.6167,-70.5833,285.37,68,100,0.0,CL,1724102229
190,villa ocampo,-28.4875,-59.3551,297.26,56,10,4.52,AR,1724102230
191,rio grande,-32.035,-52.0986,288.93,97,75,6.17,BR,1724102230
192,khuzdar,27.7384,66.6434,297.79,79,97,2.27,PK,1724102230
193,andergrove,-21.0833,149.1833,292.31,83,8,3.57,AU,1724102231
194,pedro carbo,-1.8333,-80.2333,307.86,38,72,0.95,EC,1724102232
195,paita,-5.0892,-81.1144,293.89,72,16,6.56,PE,1724102232
196,mhangura,-16.8939,30.1683,287.32,36,0,1.5,ZW,1724102232
197,khanty-mansiysk,61.0042,69.0019,285.21,100,75,0.0,RU,1724102233
198,chongoyape,-6.6406,-79.3892,302.99,42,12,4.13,PE,1724102233
199,inhambane,-23.865,35.3833,292.11,78,0,3.94,MZ,1724102233
200,nakhon thai,17.1006,100.8374,297.0,99,100,1.17,TH,1724102234
201,praia da vitoria,38.7333,-27.0667,300.29,78,20,2.56,PT,1724102234
202,khandyga,62.6667,135.6,285.29,78,100,1.18,RU,1724102235
203,sitka,57.0531,-135.33,289.09,88,100,4.12,US,1724102041
204,saudarkrokur,65.7461,-19.6394,278.38,97,100,4.76,IS,1724102235
205,novaya igirma,57.1334,103.9112,289.09,98,100,1.12,RU,1724102236
206,antonio enes,-16.2325,39.9086,296.01,85,25,4.71,MZ,1724102236
207,stanley,54.868,-1.6985,289.42,87,75,6.17,GB,1724102236
208,codrington,-38.2667,141.9667,284.6,82,100,5.45,AU,1724102237
209,terbanggi besar,-4.8667,105.2333,295.75,94,40,2.65,ID,1724102237
210,montepuez,-13.1256,38.9997,293.33,72,25,2.98,MZ,1724102237
211,oranjemund,-28.55,16.4333,285.98,83,0,2.3,,1724102238
212,carolina beach,34.0352,-77.8936,304.84,71,0,5.64,US,1724102238
213,kodiak,57.79,-152.4072,285.88,62,0,8.75,US,1724102238
214,becancour,46.3334,-72.4324,288.46,94,100,6.17,CA,1724102239
215,papao,-17.75,-149.55,299.97,68,54,13.69,PF,1724102239
216,daru,-9.0763,143.2092,298.71,90,96,6.83,PG,1724102239
217,santa maria degli angeli,43.058,12.5777,295.14,90,20,3.09,IT,1724102240
218,upington,-28.4478,21.2561,289.36,11,0,2.06,ZA,1724102240
219,pailon,-17.65,-62.75,311.03,20,3,4.15,BO,1724102240
220,agat village,13.3886,144.6585,302.24,86,0,3.6,GU,1724102241
221,pimenta bueno,-11.6725,-61.1936,310.67,16,0,1.7,BR,1724102241
222,mandla,22.6,80.3833,297.04,92,100,0.76,IN,1724102242
223,rodolfo sanchez taboada,31.7167,-116.5667,299.87,63,25,1.34,MX,1724102242
224,uray,60.1247,64.7758,285.5,92,100,1.96,RU,1724102242
225,portland,45.5234,-122.6762,299.16,47,75,3.09,US,1724102206
226,kittila,67.6647,24.8936,282.23,76,0,2.57,FI,1724102243
227,kavieng,-2.5744,150.7967,300.65,77,91,4.02,PG,1724102243
228,sinop,41.7711,34.8709,293.78,51,0,2.61,TR,1724102243
229,goz beida,13.95,20.55,298.74,77,100,5.32,TD,1724102244
230,cartagena,10.3997,-75.5144,305.94,75,20,5.66,CO,1724102244
231,magadan,59.5667,150.8,285.36,68,7,1.6,RU,1724102244
232,keflavik,64.0049,-22.5624,281.39,76,0,7.2,IS,1724102245
233,petropavlovsk-kamchatsky,53.0452,158.6483,283.48,87,75,3.0,RU,1724102245
234,breves,-1.6822,-50.4803,303.98,44,28,1.09,BR,1724102245
235,walvis bay,-22.9575,14.5053,289.47,59,0,3.02,,1724102246
236,talnakh,69.4865,88.3972,284.61,85,73,1.0,RU,1724102246
237,kharkhorin,47.1975,102.8238,286.31,78,0,2.84,MN,1724102246
238,turochak,52.2576,87.1224,284.15,90,23,1.54,RU,1724102247
239,tarrafal de sao nicolau,16.5667,-24.3667,298.72,83,50,3.12,CV,1724102247
240,revda,56.801,59.9303,283.63,96,53,1.83,RU,1724102247
241,avarua,-21.2078,-159.775,298.18,69,75,10.8,CK,1724102248
242,colares,38.7992,-9.4469,294.7,71,0,9.82,PT,1724102248
243,freetown,8.484,-13.2299,298.99,89,75,4.12,SL,1724102248
244,baiyin,36.5583,104.2081,293.56,29,1,1.99,CN,1724102249
245,mejit,10.2753,170.8646,301.08,81,100,6.84,MH,1724102249
246,san jose de jachal,-30.2406,-68.7469,280.29,73,100,2.71,AR,1724102249
247,altai,46.3722,96.2583,287.5,66,72,2.32,MN,1724102250
248,chopda,21.25,75.3,299.73,84,100,1.72,IN,1724102250
249,alhama de murcia,37.851,-1.4251,300.62,61,2,2.5,ES,1724102250
250,brisas de zicatela,15.8369,-97.0419,303.44,66,75,3.09,MX,1724102251
251,marka,1.7159,44.7717,297.45,85,80,9.06,SO,1724102251
252,quellon,-43.1167,-73.6167,280.91,66,0,1.25,CL,1724102251
253,xingcheng,40.6167,120.7167,297.18,93,100,4.5,CN,1724102252
254,casper,42.8666,-106.3131,306.88,23,40,8.23,US,1724102252
255,tazovsky,67.4667,78.7,279.67,92,41,2.96,RU,1724102252
256,colonia,50.9333,6.95,292.57,76,0,1.54,DE,1724102170
257,tarazona de la mancha,39.2123,-1.9491,298.2,43,1,4.22,ES,1724102253
258,jinghong,21.991,100.7341,295.0,99,100,0.44,CN,1724102253
259,mount gambier,-37.8333,140.7667,286.25,70,83,6.34,AU,1724102253
260,kapuskasing,49.4169,-82.4331,288.15,58,75,4.63,CA,1724102254
261,calchaqui,-29.8877,-60.287,290.88,73,100,5.37,AR,1724102254
262,semirom,31.4167,51.5667,292.6,39,4,0.67,IR,1724102254
263,bereket,39.2446,55.5154,300.13,20,11,5.2,TM,1724102255
264,cadale,2.7603,46.3222,297.97,84,100,9.95,SO,1724102255
265,marianna,30.7744,-85.2269,307.17,52,0,4.63,US,1724102256
266,lupane,-18.9315,27.807,291.7,25,0,5.3,ZW,1724102256
267,uliastay,47.7417,96.8444,287.26,70,93,1.36,MN,1724102257
268,vilyuchinsk,52.9306,158.4028,284.3,81,100,2.39,RU,1724102257
269,port saint john's,-31.6229,29.5448,291.22,75,0,3.5,ZA,1724102257
270,vadso,70.0744,29.7487,286.24,82,0,2.57,NO,1724102258
271,nogliki,51.8333,143.1667,287.45,85,100,6.15,RU,1724102258
272,gummi,12.1436,5.1081,294.6,91,100,1.66,NG,1724102258
273,tshabong,-26.05,22.45,292.14,14,0,5.1,BW,1724102258
274,kailua-kona,19.6406,-155.9956,302.13,84,75,4.12,US,1724102259
275,mont-joli,48.5839,-68.1921,287.87,94,100,2.57,CA,1724102259
276,uturoa,-16.7333,-151.4333,297.91,73,61,13.13,PF,1724102259
277,najera,42.4244,-2.734,291.11,51,0,1.75,ES,1724102260
278,haiku-pauwela,20.9219,-156.3051,302.18,75,40,9.77,US,1724102260
279,omutinskiy,56.4745,67.6709,285.16,92,56,2.85,RU,1724102260
280,papatowai,-46.5619,169.4708,279.43,81,91,7.5,NZ,1724102261
281,nemuro,43.3236,145.575,288.52,83,100,4.14,JP,1724102261
282,colachel,8.1667,77.25,298.62,95,20,1.34,IN,1724102261
283,ubinskoye,55.3068,79.6802,285.29,94,15,3.3,RU,1724102262
284,kogalym,62.2654,74.4791,288.21,79,96,2.41,RU,1724102262
285,polyarnyy,69.1989,33.4478,286.53,76,100,4.25,RU,1724102262
286,antsiranana,-12.2787,49.2917,295.21,66,85,8.43,MG,1724102263
287,aioun,16.6614,-9.6149,303.41,58,97,5.73,MR,1724102263
288,rongelap,11.1635,166.8941,301.27,80,100,7.96,MH,1724102263
289,melfort,52.8667,-104.6177,293.22,77,100,4.12,CA,1724102264
290,prince george,53.9166,-122.753,294.05,55,75,6.17,CA,1724102169
291,youhao,47.8667,128.8333,285.28,93,93,1.3,CN,1724102264
292,dudinka,69.4058,86.1778,284.01,82,85,0.11,RU,1724102265
293,nova sintra,14.8667,-24.7167,300.13,80,9,3.5,CV,1724102265
294,lensk,60.7253,114.9278,288.94,98,100,1.13,RU,1724102265
295,itapecerica,-20.4725,-45.1256,296.13,26,5,1.62,BR,1724102266
296,puerto baquerizo moreno,-0.9,-89.6,296.7,64,40,5.14,EC,1724102266
297,san mariano,7.5,126.0,295.38,93,82,1.13,PH,1724102266
298,saint-francois,46.4154,3.9054,289.08,89,0,0.0,FR,1724102267
299,flying fish cove,-10.4217,105.6791,297.97,88,100,4.12,CX,1724102267
300,ancud,-41.8697,-73.8203,282.77,63,9,3.56,CL,1724102267
301,san sebastian de la gomera,28.0916,-17.1133,298.35,83,0,3.09,ES,1724102267
302,road town,18.4167,-64.6167,303.17,79,40,4.12,VG,1724102268
303,czersk,53.7959,17.9765,287.74,80,95,1.84,PL,1724102268
304,susuman,62.7833,148.1667,284.49,57,15,1.09,RU,1724102268
305,jalingo,8.8833,11.3667,295.21,94,100,2.09,NG,1724102269
306,bangar,16.8936,120.4243,299.66,79,100,1.25,PH,1724102269
307,qaqortoq,60.7167,-46.0333,277.57,84,100,1.39,GL,1724102269
308,merritt,50.1123,-120.7942,298.89,29,43,0.45,CA,1724102270
309,maamba,-17.3667,27.15,290.18,25,0,0.77,ZM,1724102270
310,palikir - national government center,6.9248,158.1611,299.56,89,100,2.57,FM,1724102270
311,barreirinhas,-2.7469,-42.8264,299.38,75,4,4.08,BR,1724102271
312,st. john's,47.5649,-52.7093,294.81,96,100,5.66,CA,1724102271
313,maun,-19.9833,23.4167,295.13,16,0,5.14,BW,1724102271
314,lata,40.1629,-8.3327,287.83,88,0,1.53,PT,1724102272
315,lodja,-3.4833,23.4333,298.84,35,28,0.99,CD,1724102272
316,severobaykal'sk,55.65,109.3167,289.06,72,100,1.35,RU,1724102272
317,ola,59.5833,151.2833,285.44,68,10,1.62,RU,1724102273
318,fisterra,42.9049,-9.2629,292.31,85,8,4.61,ES,1724102273
319,tvoroyri,61.5556,-6.8111,284.17,94,100,8.07,FO,1724102273
320,la tuque,47.4334,-72.7824,289.29,67,100,5.66,CA,1724102274
321,holualoa,19.6228,-155.9522,300.06,86,75,4.12,US,1724102274
322,belo sur tsiribihina,-19.7,44.55,294.67,81,0,2.94,MG,1724102275
323,pariyapuram,10.9561,76.1916,297.09,99,100,0.33,IN,1724102277
324,taro,-8.3862,115.28,290.55,96,90,0.36,ID,1724102278
325,rurrenabaque,-14.4413,-67.5278,306.98,55,20,3.6,BO,1724102278
326,minas de marcona,-15.2119,-75.1103,289.55,55,0,6.93,PE,1724102278
327,jumla,29.2747,82.1838,288.09,95,100,0.82,NP,1724102279
328,kulhudhuffushi,6.6221,73.07,300.7,81,88,10.29,MV,1724102279
329,hermanus,-34.4187,19.2345,285.82,82,3,0.99,ZA,1724102279
330,primero de mayo,-32.2552,-58.4228,287.49,86,100,6.58,AR,1724102280
331,luganville,-15.5333,167.1667,299.15,84,44,4.51,VU,1724102280
332,yankton,42.8711,-97.3973,304.33,57,20,3.6,US,1724102280
333,kuanda,56.3161,116.0806,289.63,59,98,2.59,RU,1724102281
334,filiatra,37.15,21.5833,300.19,78,2,0.16,GR,1724102281
335,malango,-2.9627,119.9001,292.43,100,98,0.87,ID,1724102281
336,fiumicino-isola sacra,41.7675,12.2291,297.31,3,30,2.87,IT,1724102282
337,as sulayyil,20.4607,45.5779,308.96,19,97,3.95,SA,1724102282
338,brookings,44.3114,-96.7984,301.07,60,40,3.6,US,1724102282
339,chavantes,-23.0389,-49.7094,299.85,27,5,1.95,BR,1724102283
340,kita,13.0349,-9.4895,297.16,91,57,0.94,ML,1724102283
341,caldwell,43.6629,-116.6874,307.39,14,0,3.09,US,1724102117
342,chetwayi,10.5333,76.05,299.07,90,100,2.86,IN,1724102284
343,nuku'alofa,-21.1333,-175.2,296.34,100,75,3.09,TO,1724102284
344,conde,-7.2597,-34.9075,296.85,88,0,3.6,BR,1724102284
345,al bawiti,28.3492,28.8659,303.14,26,0,2.04,EG,1724102284
346,chibougamau,49.9168,-74.3659,284.94,82,100,3.6,CA,1724102285
347,saint-philippe,-21.3585,55.7679,293.25,71,38,4.78,RE,1724102285
348,caleta de carquin,-11.0925,-77.6267,292.15,73,10,5.54,PE,1724102285
349,la passe,45.5549,-0.8967,290.43,76,0,3.8,FR,1724102286
350,kentville,45.0835,-64.4988,299.29,80,54,3.09,CA,1724102286
351,morioka,39.7036,141.1525,294.73,88,35,0.66,JP,1724102286
352,coquimbo,-29.9533,-71.3436,286.47,66,100,2.06,CL,1724102287
353,gizo,-8.103,156.8419,300.05,81,99,4.08,SB,1724102287
354,turpan,42.9333,89.1667,304.03,30,100,2.98,CN,1724102287
355,yangambi,0.8102,24.4336,296.17,81,100,1.09,CD,1724102288
356,borgo san dalmazzo,44.333,7.4858,293.89,73,83,3.58,IT,1724102288
357,bajina basta,43.9708,19.5675,292.4,95,100,1.98,RS,1724102288
358,roma,43.2128,-75.4557,290.23,96,100,4.63,US,1724102152
359,constantia,44.1833,28.65,295.76,75,1,2.07,RO,1724102289
360,pacific grove,36.6177,-121.9166,296.13,79,0,4.12,US,1724102289
361,callao,-12.0667,-77.15,290.31,77,40,5.66,PE,1724102290
362,vernon,50.2581,-119.2691,301.35,30,100,1.54,CA,1724102290
363,koungheul,13.9833,-14.8,298.82,91,100,4.27,SN,1724102290
364,saint-joseph,-21.3667,55.6167,293.36,69,24,5.49,RE,1724102291
365,beruniy,41.6911,60.7525,292.13,68,0,2.06,UZ,1724102291
366,hithadhoo,-0.6,73.0833,301.26,78,100,6.28,MV,1724102291
367,champerico,14.3,-91.9167,302.81,68,13,2.69,GT,1724102292
368,buka,40.8108,69.1986,293.18,24,0,2.56,UZ,1724102292
369,aracena,37.894,-6.5612,296.21,46,0,1.94,ES,1724102292
370,el alto,-4.2714,-81.2147,293.58,70,24,5.71,PE,1724102293
371,lincoln,40.8,-96.667,303.31,55,40,4.63,US,1724102293
372,puerto deseado,-47.7503,-65.8938,279.04,67,22,5.81,AR,1724102293
373,sandnessjoen,66.0217,12.6316,285.21,87,75,6.17,NO,1724102294
374,quibala,-10.7337,14.98,293.55,50,0,0.74,AO,1724102294
375,mhamid,29.82,-5.72,311.54,17,60,4.52,MA,1724102294
376,ennis,52.8436,-8.9864,289.11,82,75,5.14,IE,1724102295
377,quilmana,-12.95,-76.3833,292.24,68,17,3.59,PE,1724102295
378,fomboni,-12.28,43.7425,298.95,67,2,3.87,KM,1724102295
379,mammoth lakes,37.6485,-118.9721,299.55,6,0,2.06,US,1724102276
380,nagqu,31.5,92.0,273.16,67,64,1.53,CN,1724102296
381,murgab,37.4966,61.9714,294.08,43,0,3.09,TM,1724102296
382,newala kisimani,-10.95,39.2833,291.61,69,39,2.96,TZ,1724102297
383,akrehamn,59.2667,5.1833,288.29,72,100,7.72,NO,1724102297
384,balotra,25.8333,72.2333,303.59,64,72,5.95,IN,1724102297
385,murmashi,68.8154,32.8115,285.38,87,0,1.0,RU,1724102298
386,alofi,-19.0595,-169.9187,300.09,74,75,5.14,NU,1724102298
387,atasu,48.6814,71.6433,290.37,49,16,3.85,KZ,1724102298
388,hasaki,35.7333,140.8333,299.72,89,100,3.13,JP,1724102299
389,camana,-16.6228,-72.7111,290.78,76,7,3.99,PE,1724102299
390,bor,56.3567,44.0669,288.11,70,92,1.86,RU,1724102299
391,mexia,31.6799,-96.4822,311.18,34,0,3.2,US,1724102299
392,linjiang,41.8069,126.9078,292.49,98,96,0.62,CN,1724102300
393,borogontsy,62.6683,131.1683,287.6,55,100,1.86,RU,1724102300
394,natal,-5.795,-35.2094,298.51,83,75,5.14,BR,1724102300
395,hadibu,12.65,54.0333,298.88,83,40,7.27,YE,1724102301
396,port alfred,-33.5906,26.891,292.74,55,0,3.02,ZA,1724102301
397,celestun,20.8667,-90.4,303.61,66,15,4.84,MX,1724102301
398,tortoli,39.9256,9.6572,296.56,76,20,3.6,IT,1724102302
399,kodinsk,58.6881,99.1844,287.62,93,100,1.2,RU,1724102302
400,mcpherson,38.3708,-97.6642,304.46,55,11,5.5,US,1724102302
401,ingeniero jacobacci,-41.3427,-69.5448,278.34,43,84,4.93,AR,1724102303
402,kargasok,59.0556,80.8572,284.81,94,83,2.37,RU,1724102303
403,brokopondo,4.75,-55.1667,304.62,54,2,1.0,SR,1724102304
404,otacilio costa,-27.4831,-50.1219,293.66,48,0,0.76,BR,1724102304
405,zapolyarnyy,69.4154,30.8136,284.45,86,75,3.75,RU,1724102304
406,al mindak,20.1588,41.2834,296.2,53,44,0.6,SA,1724102305
407,laizhou,37.1717,119.9214,298.05,91,100,3.84,CN,1724102305
408,alotau,-10.3069,150.4462,297.74,89,100,1.83,PG,1724102306
409,arraial do cabo,-22.9661,-42.0278,297.13,73,0,7.72,BR,1724102306
410,prainha,-1.8,-53.48,306.11,36,29,1.37,BR,1724102307
411,rabigh,22.7986,39.0349,304.87,62,69,1.05,SA,1724102307
412,cabedelo,-6.9811,-34.8339,297.52,83,22,5.22,BR,1724102307
413,porto torres,40.835,8.3972,295.25,78,99,2.59,IT,1724102308
414,big bend,-26.8167,31.9333,290.09,94,0,1.0,SZ,1724102308
415,yarmouth,41.7057,-70.2286,298.13,93,75,2.68,US,1724102308
416,nurmes,63.5421,29.1397,284.21,82,0,4.09,FI,1724102309
417,tolanaro,-25.0319,46.9987,293.19,83,20,5.14,MG,1724102309
418,darwin,-12.4611,130.8418,295.14,88,0,1.54,AU,1724102309
419,kingston,17.997,-76.7936,304.68,70,40,9.77,JM,1724102310
420,shangrao,28.4532,117.9686,299.12,92,100,0.79,CN,1724102310
421,chipinge,-20.1883,32.6236,284.56,75,0,2.24,ZW,1724102310
422,lubang,13.8584,120.124,301.4,80,100,6.35,PH,1724102311
423,harstad,68.799,16.5293,283.24,92,60,5.36,NO,1724102311
424,mindelo,16.8901,-24.9804,298.9,83,75,6.17,CV,1724102312
425,igarka,67.4667,86.5833,284.23,90,29,1.79,RU,1724102312
426,georgetown,5.4112,100.3354,299.12,87,40,3.6,MY,1724102312
427,karratha,-20.7377,116.8463,291.43,51,0,3.01,AU,1724102313
428,shahritus,37.2637,68.1385,298.12,28,0,1.69,TJ,1724102313
429,bonthe,7.5264,-12.505,298.61,88,76,3.46,SL,1724102314
430,guiuan,11.0333,125.7247,302.69,75,19,5.79,PH,1724102314
431,burang,30.25,81.1667,283.06,82,97,1.84,CN,1724102314
432,essaouira,31.5125,-9.77,299.87,65,79,3.6,MA,1724102315
433,christchurch,-43.5333,172.6333,277.77,75,4,2.06,NZ,1724102315
434,rio das pedras,-22.8433,-47.6061,300.19,20,7,2.17,BR,1724102315
435,taos,36.4072,-105.5731,305.49,16,0,3.6,US,1724102316
436,sur,22.5667,59.5289,300.44,78,47,5.78,OM,1724102292
437,belyy yar,53.6039,91.3903,286.09,94,0,1.0,RU,1724102316
438,aripuana,-9.1667,-60.6333,310.58,21,6,0.46,BR,1724102317
439,shumerlya,55.5005,46.4129,288.48,87,59,1.34,RU,1724102317
440,al bayda,32.7627,21.7551,301.58,40,0,5.72,LY,1724102317
441,fort st. john,56.2499,-120.8529,295.09,43,75,9.77,CA,1724102318
442,takeo,10.9167,104.8333,299.64,84,33,2.1,KH,1724102318
443,tanda,26.55,82.65,301.91,75,94,1.46,IN,1724102318
444,singaraja,-8.112,115.0882,296.87,82,64,1.96,ID,1724102319
445,koungou,-12.7336,45.2042,296.99,83,0,2.57,YT,1724102319
446,hovd,48.0056,91.6419,289.51,38,77,0.64,MN,1724102319
447,manggar,-2.8833,108.2667,299.99,76,97,4.83,ID,1724102320
448,taoudenni,22.6783,-3.9836,306.72,41,75,12.79,ML,1724102320
449,omaruru,-21.4333,15.9333,292.82,12,0,2.94,,1724102321
450,leh,34.1667,77.5833,287.74,46,4,2.98,IN,1724102321
451,ostrovskoye,57.8057,42.2433,290.41,68,91,2.13,RU,1724102321
452,canutama,-6.5339,-64.3831,311.61,23,77,0.99,BR,1724102322
453,kalevala,65.2,31.1667,284.7,82,86,5.19,RU,1724102322
454,funadhoo,6.15,73.2667,300.33,82,86,9.28,MV,1724102322
455,san francisco del rincon,21.0167,-101.85,296.78,57,100,3.64,MX,1724102323
456,asipovichy,53.2933,28.6422,295.88,63,100,2.35,BY,1724102323
457,korla,41.7597,86.1469,301.01,32,100,5.26,CN,1724102323
458,conceicao da barra,-18.5933,-39.7322,295.72,74,51,3.34,BR,1724102324
459,belozersk,60.0326,37.7957,287.85,83,100,3.71,RU,1724102324
460,barkly west,-28.5354,24.5215,288.72,15,0,2.62,ZA,1724102324
461,ibiza,38.9088,1.433,299.38,82,0,0.45,ES,1724102325
462,swainsboro,32.5974,-82.3337,305.18,45,0,3.09,US,1724102325
463,cannonvale,-20.2833,148.7,294.81,86,15,4.95,AU,1724102325
464,salur,18.5333,83.2167,300.58,80,100,1.45,IN,1724102326
465,waitara,-38.925,174.25,281.48,63,92,8.08,NZ,1724102326
466,kerikeri,-35.2268,173.9474,285.32,91,100,1.34,NZ,1724102326
467,lagoa da prata,-20.0225,-45.5436,298.07,24,5,2.37,BR,1724102327
468,smara,26.7384,-11.6719,304.7,46,91,5.17,EH,1724102327
469,cascais,38.6979,-9.4215,294.79,70,0,7.6,PT,1724102327
470,bandarbeyla,9.4942,50.8122,299.03,76,96,13.06,SO,1724102328
471,saint-louis,16.3333,-15.0,303.19,59,90,7.07,SN,1724102328
472,ulaangom,49.9811,92.0667,289.02,58,100,1.99,MN,1724102328
473,isla vista,34.4133,-119.861,306.35,53,1,3.03,US,1724102329
474,chilecito,-29.1619,-67.4974,286.86,45,2,6.38,AR,1724102329
475,nizhneudinsk,54.9076,99.0276,287.94,97,100,1.01,RU,1724102329
476,queenstown,-31.8976,26.8753,287.19,12,0,3.03,ZA,1724102330
477,apatity,67.5641,33.4031,283.44,95,91,0.98,RU,1724102330
478,el granada,37.5027,-122.4694,297.07,67,0,7.72,US,1724102331
479,al ghayzah,16.2079,52.176,297.89,91,91,4.17,YE,1724102331
480,novyy urengoy,66.0833,76.6333,283.23,77,81,2.84,RU,1724102213
481,cacak,43.8914,20.3497,293.93,94,100,1.89,RS,1724102332
482,timbuktu,16.7735,-3.0074,306.88,47,100,4.28,ML,1724102332
483,kure,34.2333,132.5667,298.76,90,87,2.75,JP,1724102332
484,vorkuta,67.5,64.0,278.1,86,11,1.66,RU,1724102333
485,jalai nur,49.45,117.7,284.54,67,44,2.93,CN,1724102333
486,harlingen,26.1906,-97.6961,309.13,34,0,4.63,US,1724102154
487,petrolina,-9.3986,-40.5008,303.18,39,75,4.12,BR,1724102334
488,wynne,35.2245,-90.7868,302.81,37,0,5.85,US,1724102334
489,ko pha ngan,9.7578,100.0291,299.21,75,89,4.53,TH,1724102335
490,swift current,50.2834,-107.8014,302.6,37,0,6.69,CA,1724102335
491,al jawf,29.5,38.75,304.24,18,0,3.7,SA,1724102335
492,sisimiut,66.9395,-53.6735,277.7,74,90,1.85,GL,1724102336
493,kirakira,-10.4544,161.9205,299.17,88,100,4.66,SB,1724102336
494,katabu,-4.9333,122.5167,295.24,96,41,1.68,ID,1724102337
495,awjilah,29.1081,21.2869,308.98,18,0,4.24,LY,1724102337
496,gamba,-2.65,10.0,295.48,91,41,2.68,GA,1724102337
497,kenora,49.8167,-94.4337,298.69,47,40,1.54,CA,1724102338
498,birzebbuga,35.8258,14.5269,300.53,65,0,4.63,MT,1724102338
499,yakeshi,49.2833,120.7333,282.27,65,19,2.02,CN,1724102338
500,san clemente del tuyu,-36.3569,-56.7235,281.16,75,100,8.86,AR,1724102339
501,borkum,53.5809,6.6915,291.62,76,74,7.46,DE,1724102339
502,juye,35.3947,116.0883,295.02,98,14,2.43,CN,1724102339
503,shiguai,40.7058,110.2856,289.26,73,5,1.38,CN,1724102340
504,webster city,42.4694,-93.816,298.3,47,0,3.09,US,1724102340
505,kemri,28.8167,79.2167,298.49,97,100,2.48,IN,1724102340
506,istgah-e rah ahan-e garmsar,35.2346,52.3094,304.63,26,0,4.29,IR,1724102341
507,iquique,-20.2208,-70.1431,290.29,79,34,3.32,CL,1724102341
508,dharapuram,10.7333,77.5167,298.17,86,97,4.24,IN,1724102343
509,richards bay,-28.783,32.0377,292.62,90,0,4.64,ZA,1724102343
510,carutapera,-1.195,-46.02,299.78,76,20,5.1,BR,1724102343
511,alamosa,37.4695,-105.87,303.14,23,0,3.17,US,1724102343
512,mitsamiouli,-11.3847,43.2844,298.19,69,4,4.01,KM,1724102344
513,dzilam gonzalez,21.2833,-88.9333,305.92,53,2,4.73,MX,1724102344
514,jangipur,24.4667,88.0667,298.94,89,2,1.34,IN,1724102344
515,nagar karnul,16.4821,78.3247,297.77,88,100,2.2,IN,1724102345
516,hinthada,17.6333,95.4667,299.1,91,100,2.39,MM,1724102345
517,pariaman,-0.619,100.12,296.18,92,98,3.04,ID,1724102346
518,aral,40.5156,81.2636,302.43,21,100,3.92,CN,1724102346
519,smithers,54.7804,-127.1743,293.33,49,75,2.06,CA,1724102346
520,barreiro do jaiba,-15.6167,-43.6,300.1,22,5,0.37,BR,1724102347
521,arica,-18.475,-70.3042,290.28,67,0,2.06,CL,1724102347
522,nguigmi,14.2495,13.1092,300.76,64,55,6.4,NE,1724102347
523,las lomitas,-24.7096,-60.593,304.53,36,38,5.63,AR,1724102348
524,itapirapua,-15.8233,-50.6133,305.3,13,0,1.43,BR,1724102348
525,piti village,13.4626,144.6933,302.21,82,0,3.6,GU,1724102348
526,barbacoas,1.6715,-78.1398,301.99,71,90,2.43,CO,1724102349
527,baihe,22.15,107.2333,298.96,92,91,1.31,CN,1724102349
528,kampung sungai ara,5.327,100.2735,299.11,80,20,1.03,MY,1724102349
529,sao joao da barra,-21.6403,-41.0511,297.2,81,12,11.49,BR,1724102350
530,necochea,-38.5473,-58.7368,279.04,72,34,5.0,AR,1724102350
531,mersing,2.4312,103.8405,297.1,94,20,3.09,MY,1724102350
532,severo-yeniseyskiy,60.3725,93.0408,283.14,98,100,1.7,RU,1724102351
533,jayapura,-2.5333,140.7,298.81,93,100,2.38,ID,1724102351
534,grand baie,-20.0182,57.5802,293.96,60,19,2.24,MU,1724102351
535,manokwari,-0.8667,134.0833,299.73,78,100,4.87,ID,1724102352
536,lesosibirsk,58.2358,92.4828,286.75,95,100,1.77,RU,1724102352
537,acapulco de juarez,16.8634,-99.8901,305.05,62,75,3.09,MX,1724102352
538,rosetta,31.4044,30.4164,299.53,73,0,3.69,EG,1724102353
539,ceeldheer,3.8488,47.1806,297.64,83,95,10.98,SO,1724102353
540,kasane,-17.8167,25.15,290.48,19,1,2.48,BW,1724102353
541,airuk,7.2772,168.8203,299.31,90,100,5.67,MH,1724102354
542,peace river,56.2501,-117.286,297.32,56,20,5.14,CA,1724102354
543,oliveira dos brejinhos,-12.3169,-42.8961,300.74,31,13,4.05,BR,1724102354
544,luena,-11.7833,19.9167,287.69,24,0,1.46,AO,1724102355
545,namtsy,62.7161,129.6658,289.35,51,100,1.94,RU,1724102355
546,suozhen,36.9539,118.1047,299.92,49,100,1.41,CN,1724102356
547,vernal,40.4555,-109.5287,302.99,32,0,2.06,US,1724102356
548,grand terrace,34.0339,-117.3137,311.72,23,0,4.12,US,1724102319
549,sokur,55.2093,83.319,285.79,93,100,4.11,RU,1724102357
550,kundiawa,-6.0167,144.9667,288.33,96,89,1.16,PG,1724102357
551,falun,60.6036,15.626,288.38,78,100,1.88,SE,1724102358
552,crane,31.3974,-102.3501,310.48,17,90,5.68,US,1724102358
553,mount isa,-20.7333,139.5,279.02,61,0,1.54,AU,1724102358
554,kruisfontein,-34.0033,24.7314,287.22,51,0,1.95,ZA,1724102358
555,gaspe,48.8334,-64.4819,297.27,73,100,3.09,CA,1724102359
556,phan rang-thap cham,11.5667,108.9833,298.14,88,86,1.11,VN,1724102360
557,port macquarie,-31.4333,152.9167,284.3,99,8,0.89,AU,1724102360
558,norilsk,69.3535,88.2027,284.94,85,60,0.94,RU,1724102361
559,soligalich,59.0778,42.2864,289.03,78,100,1.2,RU,1724102361
560,juneau,58.3019,-134.4197,288.38,98,100,6.17,US,1724102073
561,turkmenbasy,40.0222,52.9552,300.58,21,0,6.17,TM,1724102362
562,kijang,35.2442,129.2139,300.0,91,63,5.45,KR,1724102362
563,kose,40.21,39.6511,294.03,58,71,1.8,TR,1724102362
564,farafangana,-22.8167,47.8333,294.31,63,99,2.54,MG,1724102363
565,hohoe,7.1518,0.4736,297.49,88,100,2.19,GH,1724102363
566,damghan,36.1683,54.348,299.71,31,44,2.23,IR,1724102363
567,kimbe,-5.5502,150.1429,297.91,86,100,2.23,PG,1724102364
568,fairbanks,64.8378,-147.7164,285.62,82,100,3.6,US,1724102313
569,floro,61.5996,5.0328,286.13,88,100,8.23,NO,1724102364
570,diu,20.7141,70.9822,299.74,90,90,3.78,IN,1724102365
571,dryden,49.7833,-92.7503,296.31,53,0,4.12,CA,1724102365
572,jabat,7.75,168.9751,299.38,89,100,7.08,MH,1724102365
573,embi,48.8264,58.1442,294.04,53,21,3.48,KZ,1724102365
574,chianciano terme,43.0439,11.8125,292.8,81,90,1.55,IT,1724102366
575,imbituba,-28.24,-48.6703,292.11,84,1,3.97,BR,1724102366
576,durres,41.3231,19.4414,296.25,83,86,3.34,AL,1724102366
577,sanok,49.5557,22.2056,291.65,97,100,1.68,PL,1724102367
578,posse,-14.0931,-46.3694,300.44,21,3,3.73,BR,1724102367
579,cururupu,-1.8283,-44.8683,298.71,80,66,2.32,BR,1724102367
580,baglung,28.2719,83.5898,294.21,99,100,0.3,NP,1724102368
581,namibe,-15.1961,12.1522,291.14,86,46,2.86,AO,1724102368
582,aldama,22.9167,-98.0667,305.26,53,89,6.0,MX,1724102368
583,lido,-8.6294,118.7341,294.88,92,100,1.57,ID,1724102369
584,birao,10.2849,22.7882,295.28,93,100,1.74,CF,1724102369
585,urengoy,65.9667,78.3667,283.74,86,94,3.17,RU,1724102369
586,reyes,-14.3167,-67.3833,307.13,55,20,3.6,BO,1724102370
587,pahrump,36.2083,-115.9839,311.77,14,0,5.36,US,1724102370
588,tromso,69.6496,18.957,284.16,82,40,5.66,NO,1724102370
589,denov,38.2667,67.9,298.24,30,0,1.61,UZ,1724102371
